{
    "CurrentTimingJitter_P99":  185.578508,
    "LiveAlphaContainment":  1,
    "Timestamp":  "2025-11-23T10:10:47.8713530-06:00"
}
